Case,Distance_mm,Mean_ADC
South_NoShield,10,208.552780552781
South_NoShield,15,222.657675657676
South_NoShield,20,1140.25607725608
South_NoShield,25,1723.9706959707
South_NoShield,30,1897.15118215118
South_NoShield,35,1993.29936729937
South_NoShield,40,2079.31868131868
South_NoShield,45,2071.77922077922
