Case,Distance_mm,Mean_ADC
North_NoShield,10,4065.11588411588
North_NoShield,15,4065.7982017982
North_NoShield,20,3013.40925740926
North_NoShield,25,2479.8961038961
North_NoShield,30,2271.86346986347
North_NoShield,35,2185.62670662671
North_NoShield,40,2138.84681984682
North_NoShield,45,2107.54945054945
