Case,Distance_mm,Mean_ADC
South_YesShield,10,87.7399267399267
South_YesShield,15,104.930735930736
South_YesShield,20,1159.84715284715
South_YesShield,25,1721.05794205794
South_YesShield,30,1890.84681984682
South_YesShield,35,1975.40792540792
South_YesShield,40,2020.10522810523
South_YesShield,45,2038.64269064269
