Case,Distance_mm,Mean_ADC
North_YesShield,10,4065.57409257409
North_YesShield,15,4063.97002997003
North_YesShield,20,2927.48784548785
North_YesShield,25,2455.42490842491
North_YesShield,30,2269.84348984349
North_YesShield,35,2177.82151182151
North_YesShield,40,2133.79154179154
North_YesShield,45,2106.48351648352
